{"cameraMode":{"drawMode":0,"name":"Shaded","section":"Shading Mode"},"sceneLighting":false,"audioPlay":false,"sceneViewState":{"m_AlwaysRefresh":false,"showFog":true,"showSkybox":false,"showFlares":true,"showImageEffects":true,"showParticleSystems":true,"showVisualEffectGraphs":true,"m_FxEnabled":true},"in2DMode":false,"pivot":{"x":-0.8776836395263672,"y":0.9389098882675171,"z":4.956180095672607},"rotation":{"x":0.20371566712856294,"y":-0.05651585012674332,"z":0.012157418765127659,"w":0.9774286150932312},"size":5.171423435211182,"orthographic":false}