{"cameraMode":{"drawMode":0,"name":"Shaded","section":"Shading Mode"},"sceneLighting":false,"audioPlay":false,"sceneViewState":{"m_AlwaysRefresh":false,"showFog":true,"showSkybox":false,"showFlares":true,"showImageEffects":true,"showParticleSystems":true,"showVisualEffectGraphs":true,"m_FxEnabled":true},"in2DMode":false,"pivot":{"x":1.3948945999145508,"y":1.1019657850265504,"z":5.598134994506836},"rotation":{"x":-0.19585147500038148,"y":-0.6654881834983826,"z":0.18742181360721589,"w":-0.6955217719078064},"size":2.8264262676239015,"orthographic":false}